{"cameraMode":{"drawMode":0,"name":"Shaded","section":"Shading Mode"},"sceneLighting":false,"audioPlay":false,"sceneViewState":{"m_AlwaysRefresh":false,"showFog":true,"showSkybox":true,"showFlares":true,"showImageEffects":true,"showParticleSystems":true,"showVisualEffectGraphs":true,"m_FxEnabled":true},"in2DMode":false,"pivot":{"x":7.833690643310547,"y":2.867567539215088,"z":-10.977322578430176},"rotation":{"x":0.009005490690469742,"y":0.9875273704528809,"z":-0.06171385198831558,"w":0.14442171156406403},"size":5.676905632019043,"orthographic":false}