{"cameraMode":{"drawMode":0,"name":"Shaded","section":"Shading Mode"},"sceneLighting":false,"audioPlay":false,"sceneViewState":{"m_AlwaysRefresh":false,"showFog":true,"showSkybox":true,"showFlares":true,"showImageEffects":true,"showParticleSystems":true,"showVisualEffectGraphs":true,"m_FxEnabled":true},"in2DMode":false,"pivot":{"x":-24.631019592285158,"y":-3.753617286682129,"z":29.816974639892579},"rotation":{"x":0.09421924501657486,"y":-0.28240326046943667,"z":0.027847999706864358,"w":0.9542252421379089},"size":22.418987274169923,"orthographic":false}